"","Plate","Col","Row","Control","Genotype","Disease","Region","MID.fwd.i5","MID.rev.i7","MID.rev.i7.rc"
"myco.03.01.b",3,1,"B","No","GW9948-D","Canker","West","TTCGATGG","ACCTTGCT","AGCAAGGT"
"myco.03.01.d",3,1,"D","No","CMBF-28-5-D","Canker","West","TTCGATGG","TTGCTACC","GGTAGCAA"
"myco.03.01.e",3,1,"E","No","467","Healthy","West","AGTCCACA","GTGTCTCT","AGAGACAC"
"myco.03.01.f",3,1,"F","No","437","Healthy","West","AGTCCACA","ACCTTGCT","AGCAAGGT"
"myco.03.01.g",3,1,"G","No","166-D","Canker","West","AGTCCACA","CAAGCAAG","CTTGCTTG"
"myco.03.02.g",3,2,"G","No","391","Healthy","West","AGTCCACA","TGACTGTG","CACAGTCA"
"myco.03.02.h",3,2,"H","No","45-D","Canker","West","AGTCCACA","GTAGACCT","AGGTCTAC"
"myco.03.03.c",3,3,"C","No","GW9828-D","Canker","West","TTCGATGG","TCTCACTG","CAGTGAGA"
"myco.03.03.d",3,3,"D","No","13129-D","Canker","West","TTCGATGG","TTCCATGC","GCATGGAA"
"myco.03.03.e",3,3,"E","No","1180","Non-canker","West","AGTCCACA","ACCAGTAC","GTACTGGT"
"myco.03.03.f",3,3,"F","No","1096","Healthy","West","AGTCCACA","TGTCGACA","TGTCGACA"
"myco.03.03.g",3,3,"G","No","1117","Healthy","West","AGTCCACA","TCTCACTG","CAGTGAGA"
"myco.03.03.h",3,3,"H","No","178-D","Canker","West","AGTCCACA","TTCCATGC","GCATGGAA"
"myco.03.04.b",3,4,"B","No","1076","Healthy","West","TTCGATGG","ACTCTGTC","GACAGAGT"
"myco.03.04.e",3,4,"E","No","311","Healthy","West","AGTCCACA","AACGTTGC","GCAACGTT"
"myco.03.04.f",3,4,"F","No","GW9809-D","Canker","West","AGTCCACA","ACTCTGTC","GACAGAGT"
"myco.03.04.g",3,4,"G","No","1212-D","Canker","East","AGTCCACA","TGTGAGAG","CTCTCACA"
"myco.03.04.h",3,4,"H","No","868","Healthy","West","AGTCCACA","GTACCAAC","GTTGGTAC"
"myco.03.05.a",3,5,"A","No","380-D","Canker","West","TTCGATGG","CCGCTTAT","ATAAGCGG"
"myco.03.05.c",3,5,"C","No","1003","Healthy","West","TTCGATGG","GAGTACAG","CTGTACTC"
"myco.03.05.e",3,5,"E","No","1037","Healthy","West","AGTCCACA","CCGCTTAT","ATAAGCGG"
"myco.03.05.f",3,5,"F","No","BLCG-28-1-D","Canker","West","AGTCCACA","AGAGACAC","GTGTCTCT"
"myco.03.05.g",3,5,"G","No","GW9879-D","Canker","West","AGTCCACA","GAGTACAG","CTGTACTC"
"myco.03.05.h",3,5,"H","No","363","Non-canker","West","AGTCCACA","CATGTGCA","TGCACATG"
"myco.03.06.a",3,6,"A","No","891","Healthy","West","TTCGATGG","CGTTCCTA","TAGGAACG"
"myco.03.06.b",3,6,"B","No","853","Non-canker","West","TTCGATGG","AGGAACCA","TGGTTCCT"
"myco.03.06.c",3,6,"C","No","13","Healthy","West","TTCGATGG","CCTAGGAT","ATCCTAGG"
"myco.03.06.d",3,6,"D","No","GW9969","Healthy","West","TTCGATGG","AACGAACG","CGTTCGTT"
"myco.03.06.e",3,6,"E","No","1078","Non-canker","West","AGTCCACA","CGTTCCTA","TAGGAACG"
"myco.03.06.f",3,6,"F","No","1083","Healthy","West","AGTCCACA","AGGAACCA","TGGTTCCT"
"myco.03.06.g",3,6,"G","No","13033-2*","Healthy","West","AGTCCACA","CCTAGGAT","ATCCTAGG"
"myco.03.06.h",3,6,"H","No","446-D","Canker","West","AGTCCACA","AACGAACG","CGTTCGTT"
"myco.03.07.a",3,7,"A","No","13027","Healthy","West","GCATCGAT","GTGTCTCT","AGAGACAC"
"myco.03.07.b",3,7,"B","No","1017","Healthy","West","GCATCGAT","ACCTTGCT","AGCAAGGT"
"myco.03.07.c",3,7,"C","No","GW9578","Non-canker","West","GCATCGAT","CAAGCAAG","CTTGCTTG"
"myco.03.07.d",3,7,"D","No","189","Healthy","West","GCATCGAT","TTGCTACC","GGTAGCAA"
"myco.03.07.f",3,7,"F","No","GW9580","Healthy","West","CTGATCTC","ACCTTGCT","AGCAAGGT"
"myco.03.07.g",3,7,"G","No","1182","Healthy","West","CTGATCTC","CAAGCAAG","CTTGCTTG"
"myco.03.07.h",3,7,"H","No","12997","Healthy","West","CTGATCTC","TTGCTACC","GGTAGCAA"
"myco.03.08.c",3,8,"C","No","283","Healthy","West","GCATCGAT","TGACTGTG","CACAGTCA"
"myco.03.08.d",3,8,"D","No","344","Healthy","West","GCATCGAT","GTAGACCT","AGGTCTAC"
"myco.03.08.e",3,8,"E","No","12941","Non-canker","West","CTGATCTC","GAGAGAGA","TCTCTCTC"
"myco.03.08.f",3,8,"F","No","176-2*","Healthy","West","CTGATCTC","TTCGTTCG","CGAACGAA"
"myco.03.08.g",3,8,"G","No","1212","Non-canker","East","CTGATCTC","TGACTGTG","CACAGTCA"
"myco.03.09.a",3,9,"A","No","1171","Non-canker","West","GCATCGAT","ACCAGTAC","GTACTGGT"
"myco.03.09.b",3,9,"B","No","1183-D","Canker","West","GCATCGAT","TGTCGACA","TGTCGACA"
"myco.03.09.c",3,9,"C","No","1072","Healthy","West","GCATCGAT","TCTCACTG","CAGTGAGA"
"myco.03.09.d",3,9,"D","No","1005-D","Canker","West","GCATCGAT","TTCCATGC","GCATGGAA"
"myco.03.09.e",3,9,"E","No","GW9964-D","Canker","West","CTGATCTC","ACCAGTAC","GTACTGGT"
"myco.03.09.f",3,9,"F","No","332","Healthy","West","CTGATCTC","TGTCGACA","TGTCGACA"
"myco.03.09.g",3,9,"G","No","199","Healthy","West","CTGATCTC","TCTCACTG","CAGTGAGA"
"myco.03.09.h",3,9,"H","No","12986","Healthy","West","CTGATCTC","TTCCATGC","GCATGGAA"
"myco.03.10.b",3,10,"B","No","288-D","Canker","West","GCATCGAT","ACTCTGTC","GACAGAGT"
"myco.03.10.d",3,10,"D","No","13034","Healthy","West","GCATCGAT","GTACCAAC","GTTGGTAC"
"myco.03.10.e",3,10,"E","No","13113","Healthy","West","CTGATCTC","AACGTTGC","GCAACGTT"
"myco.03.10.f",3,10,"F","No","HOMC-21-5","Healthy","West","CTGATCTC","ACTCTGTC","GACAGAGT"
"myco.03.11.a",3,11,"A","No","13129","Non-canker","West","GCATCGAT","CCGCTTAT","ATAAGCGG"
"myco.03.11.d",3,11,"D","No","GS-039-08","Healthy","West","GCATCGAT","CATGTGCA","TGCACATG"
"myco.03.11.e",3,11,"E","No","13035","Healthy","West","CTGATCTC","CCGCTTAT","ATAAGCGG"
"myco.03.11.f",3,11,"F","No","1214-D","Canker","East","CTGATCTC","AGAGACAC","GTGTCTCT"
"myco.03.11.h",3,11,"H","No","59","Healthy","West","CTGATCTC","CATGTGCA","TGCACATG"
"myco.03.12.e",3,12,"E","No","1078-D","Canker","West","CTGATCTC","CGTTCCTA","TAGGAACG"
"myco.03.12.f",3,12,"F","No","GLCB-26-3","Healthy","West","CTGATCTC","AGGAACCA","TGGTTCCT"
"myco.03.12.h",3,12,"H","No","1042","Healthy","West","CTGATCTC","AACGAACG","CGTTCGTT"
"myco.04.01.b",4,1,"B","No","1046","Healthy","West","AGAGCAGT","ACCTTGCT","AGCAAGGT"
"myco.04.01.d",4,1,"D","No","1116-D","Canker","West","AGAGCAGT","TTGCTACC","GGTAGCAA"
"myco.04.01.f",4,1,"F","No","1049","Healthy","West","AACCTTCC","ACCTTGCT","AGCAAGGT"
"myco.04.01.g",4,1,"G","No","1095-D","Canker","West","AACCTTCC","CAAGCAAG","CTTGCTTG"
"myco.04.02.b",4,2,"B","No","LILB-26-3","Healthy","West","AGAGCAGT","TTCGTTCG","CGAACGAA"
"myco.04.02.f",4,2,"F","No","1115","Non-canker","West","AACCTTCC","TTCGTTCG","CGAACGAA"
"myco.04.02.h",4,2,"H","No","HOMA-21-4-D","Canker","West","AACCTTCC","GTAGACCT","AGGTCTAC"
"myco.04.03.a",4,3,"A","No","GW9862-D","Canker","West","AGAGCAGT","ACCAGTAC","GTACTGGT"
"myco.04.03.c",4,3,"C","No","466","Healthy","West","AGAGCAGT","TCTCACTG","CAGTGAGA"
"myco.04.03.d",4,3,"D","No","KLNG-20-4","Healthy","West","AGAGCAGT","TTCCATGC","GCATGGAA"
"myco.04.03.f",4,3,"F","No","13030","Healthy","West","AACCTTCC","TGTCGACA","TGTCGACA"
"myco.04.03.g",4,3,"G","No","371-D","Canker","West","AACCTTCC","TCTCACTG","CAGTGAGA"
"myco.04.03.h",4,3,"H","No","1107-D","Canker","West","AACCTTCC","TTCCATGC","GCATGGAA"
"myco.04.04.a",4,4,"A","No","874-D","Canker","West","AGAGCAGT","AACGTTGC","GCAACGTT"
"myco.04.04.b",4,4,"B","No","378","Healthy","West","AGAGCAGT","ACTCTGTC","GACAGAGT"
"myco.04.04.c",4,4,"C","No","68","Non-canker","West","AGAGCAGT","TGTGAGAG","CTCTCACA"
"myco.04.04.d",4,4,"D","No","1082","Healthy","West","AGAGCAGT","GTACCAAC","GTTGGTAC"
"myco.04.04.g",4,4,"G","No","166","Non-canker","West","AACCTTCC","TGTGAGAG","CTCTCACA"
"myco.04.05.c",4,5,"C","No","1170","Healthy","West","AGAGCAGT","GAGTACAG","CTGTACTC"
"myco.04.05.f",4,5,"F","No","1066","Non-canker","West","AACCTTCC","AGAGACAC","GTGTCTCT"
"myco.04.05.g",4,5,"G","No","1100","Healthy","West","AACCTTCC","GAGTACAG","CTGTACTC"
"myco.04.05.h",4,5,"H","No","12956","Healthy","West","AACCTTCC","CATGTGCA","TGCACATG"
"myco.04.06.b",4,6,"B","No","HOMA-21-4","Non-canker","West","AGAGCAGT","AGGAACCA","TGGTTCCT"
"myco.04.06.c",4,6,"C","No","GW10989","Non-canker","West","AGAGCAGT","CCTAGGAT","ATCCTAGG"
"myco.04.06.e",4,6,"E","No","48","Healthy","West","AACCTTCC","CGTTCCTA","TAGGAACG"
"myco.04.06.g",4,6,"G","No","291","Healthy","West","AACCTTCC","CCTAGGAT","ATCCTAGG"
"myco.04.06.h",4,6,"H","No","1095","Non-canker","West","AACCTTCC","AACGAACG","CGTTCGTT"
"myco.04.07.c",4,7,"C","No","1203","Healthy","East","GTGTACTG","CAAGCAAG","CTTGCTTG"
"myco.04.07.f",4,7,"F","No","GW9592","Healthy","West","TCTCAGAG","ACCTTGCT","AGCAAGGT"
"myco.04.07.g",4,7,"G","No","KLNG-20-7","Healthy","West","TCTCAGAG","CAAGCAAG","CTTGCTTG"
"myco.04.08.a",4,8,"A","No","426","Non-canker","West","GTGTACTG","GAGAGAGA","TCTCTCTC"
"myco.04.08.b",4,8,"B","No","323","Healthy","West","GTGTACTG","TTCGTTCG","CGAACGAA"
"myco.04.08.e",4,8,"E","No","GLCB-26-2","Healthy","West","TCTCAGAG","GAGAGAGA","TCTCTCTC"
"myco.04.08.f",4,8,"F","No","GS-017-09","Healthy","West","TCTCAGAG","TTCGTTCG","CGAACGAA"
"myco.04.09.b",4,9,"B","No","HOMA-21-2-D","Canker","West","GTGTACTG","TGTCGACA","TGTCGACA"
"myco.04.09.c",4,9,"C","No","853-D","Canker","West","GTGTACTG","TCTCACTG","CAGTGAGA"
"myco.04.09.e",4,9,"E","No","904-D","Canker","West","TCTCAGAG","ACCAGTAC","GTACTGGT"
"myco.04.09.g",4,9,"G","No","GW9769","Healthy","West","TCTCAGAG","TCTCACTG","CAGTGAGA"
"myco.04.09.h",4,9,"H","No","GW9771-D","Canker","West","TCTCAGAG","TTCCATGC","GCATGGAA"
"myco.04.10.c",4,10,"C","No","1106-D","Canker","West","GTGTACTG","TGTGAGAG","CTCTCACA"
"myco.04.10.e",4,10,"E","No","13113","Healthy","West","TCTCAGAG","AACGTTGC","GCAACGTT"
"myco.04.10.g",4,10,"G","No","12935","Healthy","West","TCTCAGAG","TGTGAGAG","CTCTCACA"
"myco.04.11.c",4,11,"C","No","HOPF-27-1","Healthy","West","GTGTACTG","GAGTACAG","CTGTACTC"
"myco.04.11.e",4,11,"E","No","1109","Healthy","West","TCTCAGAG","CCGCTTAT","ATAAGCGG"
"myco.04.12.d",4,12,"D","No","1051","Healthy","West","GTGTACTG","AACGAACG","CGTTCGTT"
"myco.04.12.g",4,12,"G","No","166-D","Canker","West","TCTCAGAG","CCTAGGAT","ATCCTAGG"
"myco.05.02.g",5,2,"G","No","204-D","Canker","West","GATCACCA","TGACTGTG","CACAGTCA"
"myco.05.03.a",5,3,"A","No","248","Healthy","West","AACCGGTT","ACCAGTAC","GTACTGGT"
"myco.05.03.d",5,3,"D","No","832","Healthy","West","AACCGGTT","TTCCATGC","GCATGGAA"
"myco.05.03.g",5,3,"G","No","1154","Healthy","West","GATCACCA","TCTCACTG","CAGTGAGA"
"myco.05.03.h",5,3,"H","No","198","Healthy","West","GATCACCA","TTCCATGC","GCATGGAA"
"myco.05.04.a",5,4,"A","No","433","Healthy","West","AACCGGTT","AACGTTGC","GCAACGTT"
"myco.05.04.e",5,4,"E","No","GW11043-D","Canker","West","GATCACCA","AACGTTGC","GCAACGTT"
"myco.05.04.g",5,4,"G","No","1147","Healthy","West","GATCACCA","TGTGAGAG","CTCTCACA"
"myco.05.04.h",5,4,"H","No","204","Non-canker","West","GATCACCA","GTACCAAC","GTTGGTAC"
"myco.05.05.a",5,5,"A","No","149-D","Canker","West","AACCGGTT","CCGCTTAT","ATAAGCGG"
"myco.05.05.b",5,5,"B","No","1069-D","Canker","West","AACCGGTT","AGAGACAC","GTGTCTCT"
"myco.05.05.c",5,5,"C","No","159-D","Canker","West","AACCGGTT","GAGTACAG","CTGTACTC"
"myco.05.05.d",5,5,"D","No","GW11043","Non-canker","West","AACCGGTT","CATGTGCA","TGCACATG"
"myco.05.05.f",5,5,"F","No","CA-04-03-D","Canker","West","GATCACCA","AGAGACAC","GTGTCTCT"
"myco.05.05.g",5,5,"G","No","12840","Healthy","West","GATCACCA","GAGTACAG","CTGTACTC"
"myco.05.06.a",5,6,"A","No","191-D","Canker","West","AACCGGTT","CGTTCCTA","TAGGAACG"
"myco.05.06.b",5,6,"B","No","GW9597","Healthy","West","AACCGGTT","AGGAACCA","TGGTTCCT"
"myco.05.06.d",5,6,"D","No","1216","Healthy","East","AACCGGTT","AACGAACG","CGTTCGTT"
"myco.05.06.e",5,6,"E","No","CA-04-03","Non-canker","West","GATCACCA","CGTTCCTA","TAGGAACG"
"myco.05.06.f",5,6,"F","No","1171-D","Canker","West","GATCACCA","AGGAACCA","TGGTTCCT"
"myco.05.06.g",5,6,"G","No","1077","Healthy","West","GATCACCA","CCTAGGAT","ATCCTAGG"
"myco.05.07.a",5,7,"A","No","807","Healthy","West","TGGACTAC","GTGTCTCT","AGAGACAC"
"myco.05.07.d",5,7,"D","No","196-D","Canker","West","TGGACTAC","TTGCTACC","GGTAGCAA"
"myco.05.07.e",5,7,"E","No","CMBF-28-4","Healthy","West","CCATTAGG","GTGTCTCT","AGAGACAC"
"myco.05.08.a",5,8,"A","No","910","Healthy","West","TGGACTAC","GAGAGAGA","TCTCTCTC"
"myco.05.08.d",5,8,"D","No","12941","Non-canker","West","TGGACTAC","GTAGACCT","AGGTCTAC"
"myco.05.08.e",5,8,"E","No","179","Healthy","West","CCATTAGG","GAGAGAGA","TCTCTCTC"
"myco.05.08.h",5,8,"H","No","156-D","Canker","West","CCATTAGG","GTAGACCT","AGGTCTAC"
"myco.05.09.a",5,9,"A","No","13004","Healthy","West","TGGACTAC","ACCAGTAC","GTACTGGT"
"myco.05.09.e",5,9,"E","No","239","Healthy","West","CCATTAGG","ACCAGTAC","GTACTGGT"
"myco.05.09.g",5,9,"G","No","96","Healthy","West","CCATTAGG","TCTCACTG","CAGTGAGA"
"myco.06.01.b",6,1,"B","No","1143","Healthy","West","TGGTGAAG","ACCTTGCT","AGCAAGGT"
"myco.06.01.g",6,1,"G","No","13127","Healthy","West","ACGATGCT","CAAGCAAG","CTTGCTTG"
"myco.06.02.a",6,2,"A","No","1007","Healthy","West","TGGTGAAG","GAGAGAGA","TCTCTCTC"
"myco.06.02.c",6,2,"C","No","HOMD-21-4","Healthy","West","TGGTGAAG","TGACTGTG","CACAGTCA"
"myco.06.02.f",6,2,"F","No","81-D","Canker","West","ACGATGCT","TTCGTTCG","CGAACGAA"
"myco.06.02.h",6,2,"H","No","56-D","Canker","West","ACGATGCT","GTAGACCT","AGGTCTAC"
"myco.06.03.a",6,3,"A","No","320","Healthy","West","TGGTGAAG","ACCAGTAC","GTACTGGT"
"myco.06.03.b",6,3,"B","No","339","Healthy","West","TGGTGAAG","TGTCGACA","TGTCGACA"
"myco.06.03.f",6,3,"F","No","1183","Non-canker","West","ACGATGCT","TGTCGACA","TGTCGACA"
"myco.06.03.g",6,3,"G","No","1111","Healthy","West","ACGATGCT","TCTCACTG","CAGTGAGA"
"myco.06.04.a",6,4,"A","No","156","Non-canker","West","TGGTGAAG","AACGTTGC","GCAACGTT"
"myco.06.04.c",6,4,"C","No","806","Non-canker","West","TGGTGAAG","TGTGAGAG","CTCTCACA"
"myco.06.04.g",6,4,"G","No","1178","Non-canker","West","ACGATGCT","TGTGAGAG","CTCTCACA"
"myco.06.04.h",6,4,"H","No","1178-D","Canker","West","ACGATGCT","GTACCAAC","GTTGGTAC"
"myco.06.05.g",6,5,"G","No","GW9948","Non-canker","West","ACGATGCT","GAGTACAG","CTGTACTC"
"myco.06.06.c",6,6,"C","No","13123-D","Canker","West","TGGTGAAG","CCTAGGAT","ATCCTAGG"
"myco.06.06.e",6,6,"E","No","1011","Healthy","West","ACGATGCT","CGTTCCTA","TAGGAACG"
"myco.06.07.a",6,7,"A","No","78","Healthy","West","GACAACTC","GTGTCTCT","AGAGACAC"
"myco.06.07.d",6,7,"D","No","76","Healthy","West","GACAACTC","TTGCTACC","GGTAGCAA"
"myco.06.07.f",6,7,"F","No","134","Healthy","West","CGCGATTA","ACCTTGCT","AGCAAGGT"
"myco.06.08.a",6,8,"A","No","GW7990","Healthy","West","GACAACTC","GAGAGAGA","TCTCTCTC"
"myco.06.08.b",6,8,"B","No","8","Healthy","West","GACAACTC","TTCGTTCG","CGAACGAA"
"myco.06.08.e",6,8,"E","No","GW9862","Non-canker","West","CGCGATTA","GAGAGAGA","TCTCTCTC"
"myco.06.08.h",6,8,"H","No","336-D","Canker","West","CGCGATTA","GTAGACCT","AGGTCTAC"
"myco.06.09.a",6,9,"A","No","899","Healthy","West","GACAACTC","ACCAGTAC","GTACTGGT"
"myco.06.09.g",6,9,"G","No","813","Healthy","West","CGCGATTA","TCTCACTG","CAGTGAGA"
"myco.07.01.e",7,1,"E","No","1068","Healthy","West","GTAGCTTG","GTGTCTCT","AGAGACAC"
"myco.07.01.f",7,1,"F","No","1172","Healthy","West","GTAGCTTG","ACCTTGCT","AGCAAGGT"
"myco.07.01.g",7,1,"G","No","1091","Healthy","West","GTAGCTTG","CAAGCAAG","CTTGCTTG"
"myco.07.02.a",7,2,"A","No","1066-D","Canker","West","TCGTAGCA","GAGAGAGA","TCTCTCTC"
"myco.07.02.b",7,2,"B","No","1239","Healthy","East","TCGTAGCA","TTCGTTCG","CGAACGAA"
"myco.07.02.c",7,2,"C","No","GW9578-D","Canker","West","TCGTAGCA","TGACTGTG","CACAGTCA"
"myco.07.02.d",7,2,"D","No","19","Healthy","West","TCGTAGCA","GTAGACCT","AGGTCTAC"
"myco.07.02.g",7,2,"G","No","398","Healthy","West","GTAGCTTG","TGACTGTG","CACAGTCA"
"myco.07.02.h",7,2,"H","No","68-D","Canker","West","GTAGCTTG","GTAGACCT","AGGTCTAC"
"myco.07.03.d",7,3,"D","No","1047","Healthy","West","TCGTAGCA","TTCCATGC","GCATGGAA"
"myco.07.03.f",7,3,"F","No","419","Healthy","West","GTAGCTTG","TGTCGACA","TGTCGACA"
"myco.07.04.a",7,4,"A","No","1069","Non-canker","West","TCGTAGCA","AACGTTGC","GCAACGTT"
"myco.07.04.b",7,4,"B","No","HOPG-27-5","Healthy","West","TCGTAGCA","ACTCTGTC","GACAGAGT"
"myco.07.04.c",7,4,"C","No","KLNB-20-3-D","Canker","West","TCGTAGCA","TGTGAGAG","CTCTCACA"
"myco.07.04.e",7,4,"E","No","GW9594","Healthy","West","GTAGCTTG","AACGTTGC","GCAACGTT"
"myco.07.04.f",7,4,"F","No","218","Healthy","West","GTAGCTTG","ACTCTGTC","GACAGAGT"
"myco.07.04.h",7,4,"H","No","1227","Healthy","East","GTAGCTTG","GTACCAAC","GTTGGTAC"
"myco.07.05.c",7,5,"C","No","GW9962","Healthy","West","TCGTAGCA","GAGTACAG","CTGTACTC"
"myco.07.05.d",7,5,"D","No","190-D","Canker","West","TCGTAGCA","CATGTGCA","TGCACATG"
"myco.07.05.e",7,5,"E","No","GW9816","Non-canker","West","GTAGCTTG","CCGCTTAT","ATAAGCGG"
"myco.07.07.d",7,7,"D","No","262-D","Canker","West","TATAGCGC","TTGCTACC","GGTAGCAA"
"myco.07.07.f",7,7,"F","No","874","Non-canker","West","ATCGGCAT","ACCTTGCT","AGCAAGGT"
"myco.07.07.g",7,7,"G","No","461-D","Canker","West","ATCGGCAT","CAAGCAAG","CTTGCTTG"
"myco.07.07.h",7,7,"H","No","827","Non-canker","West","ATCGGCAT","TTGCTACC","GGTAGCAA"
"myco.07.08.c",7,8,"C","No","1208","Healthy","East","TATAGCGC","TGACTGTG","CACAGTCA"
"myco.07.08.f",7,8,"F","No","39","Healthy","West","ATCGGCAT","TTCGTTCG","CGAACGAA"
"myco.07.08.h",7,8,"H","No","201","Healthy","West","ATCGGCAT","GTAGACCT","AGGTCTAC"
"myco.07.09.e",7,9,"E","No","1156","Healthy","West","ATCGGCAT","ACCAGTAC","GTACTGGT"
"myco.07.09.g",7,9,"G","No","897-D","Canker","West","ATCGGCAT","TCTCACTG","CAGTGAGA"
"myco.07.09.h",7,9,"H","No","385","Healthy","West","ATCGGCAT","TTCCATGC","GCATGGAA"
"myco.07.10.a",7,10,"A","No","13125-D","Canker","West","TATAGCGC","AACGTTGC","GCAACGTT"
"myco.07.10.d",7,10,"D","No","GW9778","Healthy","West","TATAGCGC","GTACCAAC","GTTGGTAC"
"myco.07.11.a",7,11,"A","No","461","Non-canker","West","TATAGCGC","CCGCTTAT","ATAAGCGG"
"myco.07.11.c",7,11,"C","No","426-D","Canker","West","TATAGCGC","GAGTACAG","CTGTACTC"
"myco.07.12.b",7,12,"B","No","KLNB-20-2","Healthy","West","TATAGCGC","AGGAACCA","TGGTTCCT"
"myco.07.12.e",7,12,"E","No","1243","Healthy","East","ATCGGCAT","CGTTCCTA","TAGGAACG"
"myco.07.12.g",7,12,"G","No","1027","Healthy","West","ATCGGCAT","CCTAGGAT","ATCCTAGG"
"myco.08.01.b",8,1,"B","No","GW7980","Healthy","West","CACTTCTG","ACCTTGCT","AGCAAGGT"
"myco.08.01.g",8,1,"G","No","GW9838","Non-canker","West","TGACGAGA","CAAGCAAG","CTTGCTTG"
"myco.08.02.a",8,2,"A","No","896","Healthy","West","CACTTCTG","GAGAGAGA","TCTCTCTC"
"myco.08.02.d",8,2,"D","No","806-D","Canker","West","CACTTCTG","GTAGACCT","AGGTCTAC"
"myco.08.02.e",8,2,"E","No","371","Non-canker","West","TGACGAGA","GAGAGAGA","TCTCTCTC"
"myco.08.02.f",8,2,"F","No","1106","Non-canker","West","TGACGAGA","TTCGTTCG","CGAACGAA"
"myco.08.02.g",8,2,"G","No","CMBF-28-1","Healthy","West","TGACGAGA","TGACTGTG","CACAGTCA"
"myco.08.03.b",8,3,"B","No","12956","Healthy","West","CACTTCTG","TGTCGACA","TGTCGACA"
"myco.08.04.b",8,4,"B","No","154-D","Canker","West","CACTTCTG","ACTCTGTC","GACAGAGT"
"myco.08.04.d",8,4,"D","No","GW9838-D","Canker","West","CACTTCTG","GTACCAAC","GTTGGTAC"
"myco.08.04.g",8,4,"G","No","KTMA-12-2","Healthy","West","TGACGAGA","TGTGAGAG","CTCTCACA"
"myco.08.05.a",8,5,"A","No","1228","Healthy","East","CACTTCTG","CCGCTTAT","ATAAGCGG"
"myco.08.05.c",8,5,"C","No","1079","Non-canker","West","CACTTCTG","GAGTACAG","CTGTACTC"
"myco.08.05.d",8,5,"D","No","1134","Healthy","West","CACTTCTG","CATGTGCA","TGCACATG"
"myco.08.05.f",8,5,"F","No","GLCB-26-5","Healthy","West","TGACGAGA","AGAGACAC","GTGTCTCT"
"myco.08.06.f",8,6,"F","No","1075","Healthy","West","TGACGAGA","AGGAACCA","TGGTTCCT"
"myco.08.06.h",8,6,"H","No","1033","Healthy","West","TGACGAGA","AACGAACG","CGTTCGTT"
"myco.08.07.a",8,7,"A","No","13041-D","Canker","West","CCAATTCC","GTGTCTCT","AGAGACAC"
"myco.08.07.c",8,7,"C","No","1119","Healthy","West","CCAATTCC","CAAGCAAG","CTTGCTTG"
"myco.08.07.f",8,7,"F","No","4050","Healthy","West","AGTGGTGA","ACCTTGCT","AGCAAGGT"
"myco.08.07.h",8,7,"H","No","1176","Healthy","West","AGTGGTGA","TTGCTACC","GGTAGCAA"
"myco.08.08.f",8,8,"F","No","73","Healthy","West","AGTGGTGA","TTCGTTCG","CGAACGAA"
"myco.08.08.h",8,8,"H","No","KLNC-20-2","Healthy","West","AGTGGTGA","GTAGACCT","AGGTCTAC"
"myco.08.09.d",8,9,"D","No","1004","Healthy","West","CCAATTCC","TTCCATGC","GCATGGAA"
"myco.08.10.c",8,10,"C","No","811","Healthy","West","CCAATTCC","TGTGAGAG","CTCTCACA"
"myco.08.11.c",8,11,"C","No","827-D","Canker","West","CCAATTCC","GAGTACAG","CTGTACTC"
"myco.08.11.f",8,11,"F","No","1034","Healthy","West","AGTGGTGA","AGAGACAC","GTGTCTCT"
"myco.08.11.g",8,11,"G","No","GW10989-D","Canker","West","AGTGGTGA","GAGTACAG","CTGTACTC"
"myco.08.11.h",8,11,"H","No","1112","Healthy","West","AGTGGTGA","CATGTGCA","TGCACATG"
"myco.08.12.b",8,12,"B","No","1062","Non-canker","West","CCAATTCC","AGGAACCA","TGGTTCCT"
"myco.08.12.d",8,12,"D","No","13037","Healthy","West","CCAATTCC","AACGAACG","CGTTCGTT"
"myco.08.12.g",8,12,"G","No","GW9816-D","Canker","West","AGTGGTGA","CCTAGGAT","ATCCTAGG"
